temperature,humidity,time,source
-2.550000,50,1512318769,online
-4.550000,80,1512282600,online
-6.550000,100,1512921800,online
10.8954,30,1512302400,online
16.8954,20,1512313000,online
19.8954,15,1512322000,online
30.51,10,1512283400,online
